﻿pos_x,pos_y,rotation,side,designator,mpn,pack,value,mount_type,place
80.48,-83.01,180.0,top,C1,,CP_Axial_L67.0mm_D26.0mm_P75.00mm_Horizontal,2000uF,tht,True
5.48,-62.21,0.0,top,C2,,CP_Axial_L67.0mm_D23.0mm_P75.00mm_Horizontal,1000uF,tht,True
55.505,-18.815,0.0,top,C3,,CP_Radial_D35.0mm_P12.90mm_SnapIn,17000uF,tht,True
68.24,-47.48,90.0,top,C4,,C_Rect_L11.0mm_W3.4mm_P10.00mm_MKT,0.1uF,tht,True
38.98,-39.19,180.0,top,D1,,D_DO-201AD_P18.83mm_Horizontal,60S05,tht,True
38.98,-32.81,180.0,top,D2,,D_DO-201AD_P18.83mm_Horizontal,60S05,tht,True
33.12,-17.81,180.0,top,D3,,D_DO-41_SOD81_P12.70mm_Horizontal,1N4003,tht,True
33.02,-13.08,180.0,top,D4,,D_DO-41_SOD81_P12.70mm_Horizontal,1N4003,tht,True
33.02,-6.23,180.0,top,D5,,D_DO-41_SOD81_P12.70mm_Horizontal,1N4003,tht,True
33.12,-2.04,180.0,top,D6,,D_DO-41_SOD81_P12.70mm_Horizontal,1N4003,tht,True
40.26,-50.03,0.0,top,D7,,D_DO-35_SOD27_P15.24mm_Horizontal,1N4148,tht,True
33.12,-22.56,180.0,top,D8,,D_DO-41_SOD81_P12.70mm_Horizontal,1N4003,tht,True
14.52,-6.98,90.0,top,J1,,5 pin inline molex 0.93,Power In,tht,True
123.39,9.2,0.0,bottom,J10,,BUS_S100_M,edge mount connector,tht,True
17.685,-43.77,0.0,top,J11,,Pin_D1.0mm_L10.0mm,Conn_01x01,tht,True
3.56,-44.14,0.0,top,J12,,Pin_D1.0mm_L10.0mm,Conn_01x01,tht,True
3.56,-35.9,0.0,top,J13,,Pin_D1.0mm_L10.0mm,Conn_01x01,tht,True
360.285,-3.6,-90.0,top,J2,,Molex_KK-396_A-41791-0004_1x04_P3.96mm_Vertical,Switch and Light,tht,True
17.685,-35.38,0.0,top,J3,,Pin_D1.0mm_L10.0mm,Conn_01x01,tht,True
123.39,-86.069,0.0,bottom,J4,,BUS_S100_M,Card Edge in,tht,True
126.56,-7.58,0.0,top,J5,,346100520802,346-100-520-802,tht,True
126.56,-26.6925,0.0,top,J6,,346100520802,346-100-520-802,tht,True
126.56,-45.805,0.0,top,J7,,346100520802,346-100-520-802,tht,True
126.56,-64.9175,0.0,top,J8,,346100520802,346-100-520-802,tht,True
126.56,-84.03,0.0,top,J9,,346100520802,346-100-520-802,tht,True
353.31,-23.28,0.0,top,Q1,,TO-92_Wide,2N5449,tht,True
47.85,-44.5,0.0,top,R1,,R_Axial_DIN0207_L6.3mm_D2.5mm_P15.24mm_Horizontal,2.2K,tht,True
47.85,-40.0,0.0,top,R2,,R_Axial_DIN0207_L6.3mm_D2.5mm_P15.24mm_Horizontal,2.2K,tht,True
77.01,-36.67,-90.0,top,R3,,R_Axial_DIN0411_L9.9mm_D3.6mm_P15.24mm_Horizontal,330,tht,True
36.06,-50.03,180.0,top,R4,,R_Axial_DIN0207_L6.3mm_D2.5mm_P10.16mm_Horizontal,100,tht,True
36.06,-46.31,180.0,top,R5,,R_Axial_DIN0207_L6.3mm_D2.5mm_P10.16mm_Horizontal,100,tht,True
347.29,-3.15,-90.0,top,R6,,R_Axial_DIN0309_L9.0mm_D3.2mm_P12.70mm_Horizontal,1K,tht,True
353.28,-3.15,-90.0,top,R7,,R_Axial_DIN0309_L9.0mm_D3.2mm_P12.70mm_Horizontal,470,tht,True
