﻿designator,quantity,value,pack,mpn,mount_type
C1,1,2000uF,CP_Axial_L67.0mm_D26.0mm_P75.00mm_Horizontal,,tht
C2,1,1000uF,CP_Axial_L67.0mm_D23.0mm_P75.00mm_Horizontal,,tht
C3,1,17000uF,CP_Radial_D35.0mm_P12.90mm_SnapIn,,tht
C4,1,0.1uF,C_Rect_L11.0mm_W3.4mm_P10.00mm_MKT,,tht
"D1, D2",2,60S05,D_DO-201AD_P18.83mm_Horizontal,,tht
"D3, D4, D5, D6, D8",5,1N4003,D_DO-41_SOD81_P12.70mm_Horizontal,,tht
D7,1,1N4148,D_DO-35_SOD27_P15.24mm_Horizontal,,tht
J1,1,Power In,5 pin inline molex 0.93,,tht
J10,1,edge mount connector,BUS_S100_M,,tht
"J11, J12, J13, J3",4,Conn_01x01,Pin_D1.0mm_L10.0mm,,tht
J2,1,Switch and Light,Molex_KK-396_A-41791-0004_1x04_P3.96mm_Vertical,,tht
J4,1,Card Edge in,BUS_S100_M,,tht
"J5, J6, J7, J8, J9",5,346-100-520-802,346100520802,,tht
Q1,1,2N5449,TO-92_Wide,,tht
"R1, R2",2,2.2K,R_Axial_DIN0207_L6.3mm_D2.5mm_P15.24mm_Horizontal,,tht
R3,1,330,R_Axial_DIN0411_L9.9mm_D3.6mm_P15.24mm_Horizontal,,tht
"R4, R5",2,100,R_Axial_DIN0207_L6.3mm_D2.5mm_P10.16mm_Horizontal,,tht
R6,1,1K,R_Axial_DIN0309_L9.0mm_D3.2mm_P12.70mm_Horizontal,,tht
R7,1,470,R_Axial_DIN0309_L9.0mm_D3.2mm_P12.70mm_Horizontal,,tht
